{
    "region": "us-east-1",
    "configuration": "Debug",
    "framework": "net6.0",
    "self-contained": true,
    "application": "PLACEHOLDER",
    "environment": "PLACEHOLDER",
    "enable-xray": false,
    "enhanced-health-type": "basic",
    "additional-options": "",
    "solution-stack": "64bit Amazon Linux 2 v2.2.11 running .NET Core",
    "environment-type": "SingleInstance",
    "cname": "PLACEHOLDER",
    "instance-type": "t3a.micro",
    "key-pair": "",
    "instance-profile": "PLACEHOLDER",
    "service-role": "PLACEHOLDER",
    "proxy-server": "nginx"
}