{
    "region": "PLACEHOLDER",
    "configuration": "Debug",
    "framework": "net6.0",
    "self-contained": true,
    "application": "PLACEHOLDER",
    "environment": "PLACEHOLDER",
    "enable-xray": false,
    "enhanced-health-type": "basic",
    "additional-options": "",
    "solution-stack": "64bit Amazon Linux 2 v2.2.11 running .NET Core",
    "environment-type": "LoadBalanced",
    "loadbalancer-type": "application",
    "cname": "PLACEHOLDER",
    "instance-type": "t2.micro",
    "key-pair": "",
    "health-check-url": "/",
    "instance-profile": "PLACEHOLDER",
    "service-role": "PLACEHOLDER",
    "proxy-server": "nginx"
}